instaID,lat,long,image
1022203687264871862_913245280,37.782580261,-122.21532139,https://scontent.cdninstagram.com/hphotos-xaf1/t50.2886-16/11723892_908448552564991_636535954_n.mp4
920625456882307349_38347483,37.804414291,-122.251496774,https://scontent.cdninstagram.com/hphotos-xpa1/t51.2885-15/e15/924756_412596178887551_2004166462_n.jpg
877240390495123453_242151420,37.80737242,-122.254306971,https://scontent.cdninstagram.com/hphotos-xpa1/t51.2885-15/e15/927738_751654308260433_880924362_n.jpg
864490978064204376_10985767,37.80688791,-122.258809658,https://scontent.cdninstagram.com/hphotos-xpa1/t51.2885-15/e15/924055_1523219964607110_1900805353_n.jpg
817814980139470520_49708378,37.799116119,-122.258911085,https://scontent.cdninstagram.com/hphotos-xpf1/t51.2885-15/e15/10522790_448992538577149_1778692219_n.jpg
742862633002919198_481965824,37.805536344,-122.254301678,https://scontent.cdninstagram.com/hphotos-ash/t50.2886-16/10472465_1435626623377172_669011699_n.mp4
742784722497496256_481965824,37.805536344,-122.254301678,https://scontent.cdninstagram.com/hphotos-ash/t51.2885-15/e15/10467700_1413318752289124_1571403272_n.jpg
742752117412652246_481965824,37.805536344,-122.254301678,https://scontent.cdninstagram.com/hphotos-xfp1/t51.2885-15/e15/914364_1433865943542357_581261792_n.jpg
742730411696514729_481965824,37.805536344,-122.254301678,https://scontent.cdninstagram.com/hphotos-xaf1/t51.2885-15/e15/10375594_724222190950516_2015127789_n.jpg
742722061206349248_481965824,37.805536344,-122.254301678,https://scontent.cdninstagram.com/hphotos-xfp1/t51.2885-15/e15/10471849_1419596931655546_130645601_n.jpg
742706914769298520_481965824,37.805536344,-122.254301678,https://scontent.cdninstagram.com/hphotos-xaf1/t51.2885-15/e15/927075_293395444168352_1331455806_n.jpg
712656359991332343_49708378,37.799543,-122.244413,https://scontent.cdninstagram.com/hphotos-frc/t51.2885-15/e15/10296965_780129878672477_1022768078_n.jpg
712655491728461280_49708378,37.799543,-122.244413,https://scontent.cdninstagram.com/hphotos-xtp1/t51.2885-15/e15/917434_1447323335512286_585787236_n.jpg
712654451515903439_49708378,37.799543,-122.244413,https://scontent.cdninstagram.com/hphotos-frc/t51.2885-15/e15/10254213_1476017082615882_1308092501_n.jpg
687833598054845142_411572257,45.559406667,10.630482137,https://scontent.cdninstagram.com/hphotos-frc/t51.2885-15/e15/1737473_670597863001705_1443361497_n.jpg
680097458092893274_124472,37.805536344,-122.254301678,https://scontent.cdninstagram.com/hphotos-xta1/t51.2885-15/e15/12139760_1666380946909164_2080453342_n.jpg
666949183759385533_962738519,37.802408402,-122.254463056,https://scontent.cdninstagram.com/hphotos-xfa1/t51.2885-15/e15/11357444_868330829881466_351425076_n.jpg
666946020515971950_962738519,37.802408402,-122.254463056,https://scontent.cdninstagram.com/hphotos-xta1/t51.2885-15/e15/11380747_970785796300134_952943426_n.jpg
666943423939806005_962738519,37.802408402,-122.254463056,https://scontent.cdninstagram.com/hphotos-xfp1/t51.2885-15/e15/11378975_1091486684199366_1667309276_n.jpg
666941248538870535_962738519,37.802408402,-122.254463056,https://scontent.cdninstagram.com/hphotos-xft1/t51.2885-15/e15/11357559_1594146224199206_2069895128_n.jpg
661156051541230402_962738519,37.8039,-122.2591,https://scontent.cdninstagram.com/hphotos-xaf1/t51.2885-15/e15/1741001_515010251945050_1972161337_n.jpg
641673991261906858_124472,37.80533065,-122.257333594,https://scontent.cdninstagram.com/hphotos-xft1/t51.2885-15/e15/12224548_562141073935222_829016646_n.jpg
641554715061308773_49708378,37.805536344,-122.254301678,https://scontent.cdninstagram.com/hphotos-ash/t51.2885-15/e15/1662025_219442454908572_1667945976_n.jpg
640845690016490860_124472,37.80737242,-122.254306971,https://scontent.cdninstagram.com/hphotos-xfp1/t51.2885-15/e15/1689172_1640075256243107_2114240468_n.jpg
635244366179795517_962738519,37.8039,-122.2591,https://scontent.cdninstagram.com/hphotos-xpt1/t51.2885-15/e15/1170477_687850551247702_1751134489_n.jpg
612588913588298928_124472,37.809373742,-122.24588052,https://scontent.cdninstagram.com/hphotos-xat1/t50.2886-16/12221583_605280139610440_471076958_n.mp4
612574294744360847_124472,37.809373742,-122.24588052,https://scontent.cdninstagram.com/hphotos-xtp1/t51.2885-15/e15/11950583_135008043525807_1570573223_n.jpg
612570446487217992_124472,37.807276272,-122.255017108,https://scontent.cdninstagram.com/hphotos-xpf1/t51.2885-15/e15/11934603_1518932711761597_632879223_n.jpg
524335623550256155_6499848,37.805536344,-122.254301678,https://scontent.cdninstagram.com/hphotos-xat1/t51.2885-15/e15/11376611_1435988426707126_1368084548_n.jpg
508968174403406060_30859817,37.8129005,-122.2466507,https://scontent.cdninstagram.com/hphotos-xft1/t51.2885-15/e15/11262902_453061808205569_884814884_n.jpg
500154567364586220_44260905,37.805536344,-122.254301678,https://scontent.cdninstagram.com/hphotos-xfa1/t51.2885-15/e15/11357629_665394523595213_758728886_n.jpg
499581921790929138_44260905,37.805536344,-122.254301678,https://scontent.cdninstagram.com/hphotos-xta1/t51.2885-15/e15/11374127_363558510514867_1744101152_n.jpg
499530952138959749_44260905,37.805536344,-122.254301678,https://scontent.cdninstagram.com/hphotos-xtp1/t51.2885-15/e15/11377872_855246027901326_317199736_n.jpg
495208361713752258_2159117,37.805536344,-122.254301678,https://scontent.cdninstagram.com/hphotos-xtf1/t51.2885-15/e15/11326637_1405908876402418_1236793870_n.jpg
489318999562896428_6499848,37.808896652,-122.260243508,https://scontent.cdninstagram.com/hphotos-xta1/t51.2885-15/e15/11269547_931483570235634_1029187949_n.jpg
464484163149056694_30859817,37.805159,-122.247116,https://scontent.cdninstagram.com/hphotos-xpa1/t51.2885-15/e15/11355986_986391271373166_850568218_n.jpg
456340009117805040_291589345,37.800718367,-122.263641069,https://scontent.cdninstagram.com/hphotos-xat1/t51.2885-15/e15/11333414_1451290831836944_915755716_n.jpg
1139557137946217235_19920737,37.805536344,-122.254301678,https://scontent.cdninstagram.com/hphotos-xap1/t51.2885-15/s640x640/sh0.08/e35/12338533_1054159934647700_1823957488_n.jpg
1139542012189407053_324603004,37.805536344,-122.254301678,https://scontent.cdninstagram.com/hphotos-xpa1/t51.2885-15/s640x640/sh0.08/e35/12338988_1098484223519177_271648098_n.jpg
1139534837404098223_27757518,37.805536344,-122.254301678,https://scontent.cdninstagram.com/hphotos-xaf1/t51.2885-15/s640x640/sh0.08/e35/12353946_1664244710519591_560284170_n.jpg
1139526753270787821_144579250,37.805536344,-122.254301678,https://scontent.cdninstagram.com/hphotos-xpt1/t51.2885-15/s640x640/sh0.08/e35/12356592_1732956020261127_1649235287_n.jpg
1139480746445849680_5019944,37.805536344,-122.254301678,https://scontent.cdninstagram.com/hphotos-xfa1/t51.2885-15/s640x640/sh0.08/e35/12362312_1169223703107373_849417615_n.jpg
1139472349490749685_814519,37.805536344,-122.254301678,https://scontent.cdninstagram.com/hphotos-xpa1/t51.2885-15/s640x640/sh0.08/e35/12383292_1660582750873157_1032950679_n.jpg
1139463456608856501_2294533433,37.8101692,-122.2631836,https://scontent.cdninstagram.com/hphotos-xtp1/t51.2885-15/s640x640/sh0.08/e35/12356437_512809345548705_1781426528_n.jpg
1139451582686383269_1397964562,37.805536344,-122.254301678,https://scontent.cdninstagram.com/hphotos-xaf1/t51.2885-15/e35/12345990_774103479360228_421098328_n.jpg
1139441830498118143_2311111001,37.805536344,-122.254301678,https://scontent.cdninstagram.com/hphotos-xft1/t51.2885-15/s640x640/sh0.08/e35/12292709_583655805117201_1401266150_n.jpg
1139432886987756943_463109964,37.805536344,-122.254301678,https://scontent.cdninstagram.com/hphotos-xft1/t51.2885-15/s640x640/sh0.08/e35/12298972_157428114615027_2137343211_n.jpg
1139431999083963197_14031847,37.805005327,-122.248945016,https://scontent.cdninstagram.com/hphotos-xaf1/t51.2885-15/s640x640/sh0.08/e35/12346125_508735802641449_840521131_n.jpg
1139391511222802896_8505501,37.805536344,-122.254301678,https://scontent.cdninstagram.com/hphotos-xta1/t51.2885-15/s640x640/sh0.08/e35/11262115_923985204359386_870837228_n.jpg
1139331767794559187_21773481,37.808996,-122.250511,https://scontent.cdninstagram.com/hphotos-xfa1/t51.2885-15/s640x640/sh0.08/e35/12362556_1181792735181638_746961098_n.jpg
1139324954395813309_2324045008,37.8039,-122.2591,https://scontent.cdninstagram.com/hphotos-xtf1/t51.2885-15/s640x640/sh0.08/e35/12362515_1180303241998041_428050495_n.jpg
1139323029805868414_2324045008,37.805536344,-122.254301678,https://scontent.cdninstagram.com/hphotos-xpf1/t51.2885-15/s640x640/sh0.08/e35/12353280_175918179425238_1192774319_n.jpg
1139322404770686309_2324045008,37.805536344,-122.254301678,https://scontent.cdninstagram.com/hphotos-xfp1/t51.2885-15/s640x640/sh0.08/e35/12353826_179499685734123_941702052_n.jpg
1139261439811845627_207919670,37.8121643,-122.2476578,https://scontent.cdninstagram.com/hphotos-xpt1/t51.2885-15/s640x640/sh0.08/e35/12356596_1526088531016936_104507996_n.jpg
1139260782404814632_2261229464,37.805536344,-122.254301678,https://scontent.cdninstagram.com/hphotos-xap1/t51.2885-15/s640x640/sh0.08/e35/12356426_862819143835749_719285113_n.jpg
1139247598154364136_319438404,37.798829582,-122.260630282,https://scontent.cdninstagram.com/hphotos-xaf1/t51.2885-15/s640x640/sh0.08/e35/12345862_1725002361064928_1459032803_n.jpg
1139233949267544198_1469647577,37.805536344,-122.254301678,https://scontent.cdninstagram.com/hphotos-xat1/t50.2886-16/12368808_400644376800769_2078071168_n.mp4
1139209542392225843_406715391,37.8042107,-122.2614899,https://scontent.cdninstagram.com/hphotos-xfa1/t51.2885-15/s640x640/sh0.08/e35/12362057_1680333278915595_1644167833_n.jpg
1138955187978145566_348925418,37.8101692,-122.2631836,https://scontent.cdninstagram.com/hphotos-xtf1/t51.2885-15/s640x640/sh0.08/e35/12298950_1519060568421818_1252872277_n.jpg
1138900848398313628_2322947825,37.8158989,-122.2454453,https://scontent.cdninstagram.com/hphotos-xpt1/t51.2885-15/s640x640/sh0.08/e35/12362531_926701520748814_2035338995_n.jpg
1138898100625598078_1104332552,37.798829582,-122.260630282,https://scontent.cdninstagram.com/hphotos-xpf1/t51.2885-15/s640x640/sh0.08/e35/12298934_419027611634446_17089909_n.jpg
1138889616255559943_202734809,37.805536344,-122.254301678,https://scontent.cdninstagram.com/hphotos-xaf1/t51.2885-15/s640x640/sh0.08/e35/12331518_1648302745437158_326667497_n.jpg
1138872962024588389_2261229464,37.798829582,-122.260630282,https://scontent.cdninstagram.com/hphotos-xpf1/t51.2885-15/s640x640/sh0.08/e35/12317361_193979220943942_594302109_n.jpg
1138864196235391626_50347,37.81145,-122.24747,https://scontent.cdninstagram.com/hphotos-xta1/t51.2885-15/s640x640/sh0.08/e35/12331757_435634773300913_165257220_n.jpg
1138838882204977372_1515068777,37.809049435,-122.258073875,https://scontent.cdninstagram.com/hphotos-xpf1/t51.2885-15/s640x640/sh0.08/e35/12317857_990964217636167_870770179_n.jpg
1138800248149827598_47431591,37.8112602,-122.2663879,https://scontent.cdninstagram.com/hphotos-xpf1/t51.2885-15/s640x640/sh0.08/e35/12362549_1009562569086712_1736038434_n.jpg
1138799153153888591_8899147,37.79916,-122.2783813,https://scontent.cdninstagram.com/hphotos-xpf1/t50.2886-16/12372784_1494640470838364_1616666116_n.mp4
1138772165497106127_1119330938,37.805536344,-122.254301678,https://scontent.cdninstagram.com/hphotos-xft1/t51.2885-15/s640x640/sh0.08/e35/12356575_1656155434656678_2147389756_n.jpg
1138762089289092837_48894226,37.799305,-122.254631,https://scontent.cdninstagram.com/hphotos-xfa1/t51.2885-15/s640x640/sh0.08/e35/12357368_1650337445220547_660700788_n.jpg
1138749535534147517_268642520,37.8044,-122.271,https://scontent.cdninstagram.com/hphotos-xap1/t51.2885-15/s640x640/sh0.08/e35/12393820_1021479131205852_986671010_n.jpg
1138743142759651221_1584211652,37.805536344,-122.254301678,https://scontent.cdninstagram.com/hphotos-xaf1/t51.2885-15/s640x640/sh0.08/e35/12346204_881824951931402_449535440_n.jpg
1138734364122929654_7391269,37.805536344,-122.254301678,https://scontent.cdninstagram.com/hphotos-xtp1/t51.2885-15/s640x640/sh0.08/e35/12331838_152913898403178_1487489574_n.jpg
1138663528201993735_7097830,37.805536344,-122.254301678,https://scontent.cdninstagram.com/hphotos-xtp1/t51.2885-15/s640x640/sh0.08/e35/12299067_628016700669658_354638576_n.jpg
1138635963053042763_1727789282,37.805536344,-122.254301678,https://scontent.cdninstagram.com/hphotos-xpa1/t51.2885-15/s640x640/sh0.08/e35/12345808_949172445161466_963860349_n.jpg
1138624028619414793_361611382,37.8044,-122.271,https://scontent.cdninstagram.com/hphotos-xpa1/t51.2885-15/s640x640/sh0.08/e35/12357610_181539432195582_1210766240_n.jpg
1138609328035546461_548120080,37.8039,-122.2591,https://scontent.cdninstagram.com/hphotos-xfp1/t51.2885-15/s640x640/sh0.08/e35/12354111_887000574751917_380215378_n.jpg
1138600700824364446_30797408,37.863618101,-122.27201713,https://scontent.cdninstagram.com/hphotos-xfp1/t51.2885-15/s320x320/e35/12362640_1003461263007557_1241039046_n.jpg
1138597334461116294_1727789282,37.805536344,-122.254301678,https://scontent.cdninstagram.com/hphotos-xfa1/t51.2885-15/s640x640/sh0.08/e35/12292632_1639931182956819_51105819_n.jpg
1138575154051010064_144539850,37.805536344,-122.254301678,https://scontent.cdninstagram.com/hphotos-xta1/t51.2885-15/s640x640/sh0.08/e35/11324222_924208370965903_1423274201_n.jpg
1138510983629168865_47431591,37.8112602,-122.2663879,https://scontent.cdninstagram.com/hphotos-xta1/t51.2885-15/s480x480/e35/12357523_1674271992820066_227214386_n.jpg
1138504381831455803_367414744,37.805536344,-122.254301678,https://scontent.cdninstagram.com/hphotos-xap1/t51.2885-15/s640x640/sh0.08/e35/12345816_915940548496668_1112795158_n.jpg
1138486666710074806_2261229464,37.8039,-122.2591,https://scontent.cdninstagram.com/hphotos-xfa1/t51.2885-15/s640x640/sh0.08/e35/12339015_1810921695801530_1531029118_n.jpg
1138443931474015808_319438404,37.805536344,-122.254301678,https://scontent.cdninstagram.com/hphotos-xtf1/t50.2886-16/12368450_880543375391738_1846530620_n.mp4
1138261317575853229_41942896,37.805536344,-122.254301678,https://scontent.cdninstagram.com/hphotos-xfa1/t51.2885-15/s640x640/sh0.08/e35/12357828_1052263498137338_1342617842_n.jpg
1138151867819017161_31984911,37.8039,-122.2591,https://scontent.cdninstagram.com/hphotos-xfp1/t51.2885-15/s640x640/sh0.08/e35/12353230_157575584600733_1743641341_n.jpg
1138128503712596763_45355591,37.8044014,-122.2619629,https://scontent.cdninstagram.com/hphotos-xfa1/t51.2885-15/s640x640/sh0.08/e35/12353850_936303069786835_346921952_n.jpg
1138111139474163425_2261229464,37.8039,-122.2591,https://scontent.cdninstagram.com/hphotos-xap1/t51.2885-15/s640x640/sh0.08/e35/12331592_1096995176986919_1214106066_n.jpg
1138088738632057777_45355591,37.8044014,-122.2619629,https://scontent.cdninstagram.com/hphotos-xaf1/t51.2885-15/s640x640/sh0.08/e35/12354041_880738658707290_1669423147_n.jpg
1138074297664500840_725264828,37.806323437,-122.249741659,https://scontent.cdninstagram.com/hphotos-xft1/t51.2885-15/s640x640/sh0.08/e35/12357602_1659775734291990_1663610640_n.jpg
1138065735156995933_1126416252,37.8039,-122.2591,https://scontent.cdninstagram.com/hphotos-xaf1/t51.2885-15/s320x320/e35/12301262_1489407581365900_1344922667_n.jpg
1138064926707864115_8899147,37.79916,-122.2783813,https://scontent.cdninstagram.com/hphotos-xat1/t51.2885-15/s480x480/e35/12353428_867818296665268_721990980_n.jpg
1138061874554786262_8899147,37.79916,-122.2783813,https://scontent.cdninstagram.com/hphotos-xfp1/t51.2885-15/s640x640/sh0.08/e35/12354074_1658308287759258_394947666_n.jpg
1138027811069060489_41934696,37.805536344,-122.254301678,https://scontent.cdninstagram.com/hphotos-xpf1/t51.2885-15/s640x640/sh0.08/e35/12357693_912592602110752_1640792680_n.jpg
1138022462639460736_1633120659,37.805536344,-122.254301678,https://scontent.cdninstagram.com/hphotos-xaf1/t51.2885-15/s640x640/sh0.08/e35/12277009_1641766672751870_2078430109_n.jpg
1138011675177748120_12848552,37.805536344,-122.254301678,https://scontent.cdninstagram.com/hphotos-xat1/t51.2885-15/s640x640/sh0.08/e35/12357521_170866579934244_1114088022_n.jpg
1137982427658646433_460298771,37.8039,-122.2591,https://scontent.cdninstagram.com/hphotos-xft1/t51.2885-15/s640x640/sh0.08/e35/12317727_787272348043256_988390004_n.jpg
1137976969778220981_49708378,37.805536344,-122.254301678,https://scontent.cdninstagram.com/hphotos-xpf1/t51.2885-15/s640x640/sh0.08/e35/12269848_1712392562338569_565614074_n.jpg
1137956047647242535_42370349,37.805536344,-122.254301678,https://scontent.cdninstagram.com/hphotos-xft1/t51.2885-15/s640x640/sh0.08/e35/12338607_779130535524751_510219373_n.jpg
1137940597914144468_47447754,37.8094788,-122.2501221,https://scontent.cdninstagram.com/hphotos-xtp1/t51.2885-15/s640x640/sh0.08/e35/12317533_406169179572005_2076657932_n.jpg
1137919290448880243_488024423,37.8122025,-122.2476349,https://scontent.cdninstagram.com/hphotos-xap1/t51.2885-15/s640x640/sh0.08/e35/12346029_922584794487238_2023770247_n.jpg
1137908795408793503_2282362190,37.9002495,-122.3174362,https://scontent.cdninstagram.com/hphotos-xap1/t51.2885-15/s640x640/sh0.08/e35/12277470_1184419941571476_753087394_n.jpg
1137898236175349612_21359508,37.803601233,-122.256541033,https://scontent.cdninstagram.com/hphotos-xtp1/t51.2885-15/s640x640/sh0.08/e35/12317445_1679699658940663_1812524568_n.jpg
1137883719982204837_1734888920,37.805536344,-122.254301678,https://scontent.cdninstagram.com/hphotos-xpf1/t51.2885-15/e15/12298790_955020841247069_435500921_n.jpg
1137821992164648676_243656656,37.805536344,-122.254301678,https://scontent.cdninstagram.com/hphotos-xtf1/t51.2885-15/e35/12362473_189453308066346_85062535_n.jpg
1137800192983293156_122294,37.8044,-122.271,https://scontent.cdninstagram.com/hphotos-xft1/t51.2885-15/s640x640/sh0.08/e35/12299027_918437408247316_2013615580_n.jpg
1137784850791908464_2261229464,37.798829582,-122.260630282,https://scontent.cdninstagram.com/hphotos-xpf1/t51.2885-15/s640x640/sh0.08/e35/12331904_429946877198648_1727986520_n.jpg
1137777739799586290_243656656,37.805536344,-122.254301678,https://scontent.cdninstagram.com/hphotos-xpf1/t51.2885-15/s640x640/sh0.08/e35/12338467_1076473635704213_2121844351_n.jpg
1137747772246588892_196234094,37.739311,-122.145737,https://scontent.cdninstagram.com/hphotos-xpa1/t50.2886-16/12353140_720780794688422_429051787_n.mp4
1137441307229023998_6113962,37.805536344,-122.254301678,https://scontent.cdninstagram.com/hphotos-xpt1/t51.2885-15/s640x640/sh0.08/e35/12345970_216759548656265_1075137391_n.jpg
1137423494169336516_1423237405,37.799225971,-122.2547075,https://scontent.cdninstagram.com/hphotos-xpa1/t51.2885-15/s640x640/sh0.08/e35/12298997_1694003307511360_425159873_n.jpg
1137409621872070646_144539850,37.805536344,-122.254301678,https://scontent.cdninstagram.com/hphotos-xft1/t51.2885-15/s640x640/sh0.08/e35/12331672_524082797755443_1789629572_n.jpg
1137334229289425454_2091333093,37.805536344,-122.254301678,https://scontent.cdninstagram.com/hphotos-xaf1/t51.2885-15/s640x640/sh0.08/e35/12301332_986055961467208_495527135_n.jpg
1137315558321220779_1727789282,37.805536344,-122.254301678,https://scontent.cdninstagram.com/hphotos-xaf1/t51.2885-15/s640x640/sh0.08/e35/12362480_437086199814569_956921001_n.jpg
1137304019967178021_208039380,37.805536344,-122.254301678,https://scontent.cdninstagram.com/hphotos-xat1/t51.2885-15/e35/12331617_915637895189450_1944212608_n.jpg
1137293712957790991_208922197,37.798829582,-122.260630282,https://scontent.cdninstagram.com/hphotos-xfp1/t51.2885-15/s640x640/sh0.08/e35/12362382_779201695559586_2106861824_n.jpg
1137276080002690617_1610241786,37.8099594,-122.2640228,https://scontent.cdninstagram.com/hphotos-xat1/t51.2885-15/s640x640/sh0.08/e35/12328332_933757106704780_1295739339_n.jpg
1137143853083169722_2267305675,37.8044,-122.271,https://scontent.cdninstagram.com/hphotos-xfp1/t51.2885-15/s640x640/sh0.08/e35/12317614_1501252546872224_2015311909_n.jpg
1137135845629619471_829906914,37.8128014,-122.2467194,https://scontent.cdninstagram.com/hphotos-xpt1/t51.2885-15/s640x640/sh0.08/e35/12338663_1005111962880675_1135667412_n.jpg
1137060270479437018_806402234,37.8039,-122.2591,https://scontent.cdninstagram.com/hphotos-xft1/t51.2885-15/s640x640/sh0.08/e35/12362200_1719360654964139_715063852_n.jpg
1137027798000428440_194350984,37.805536344,-122.254301678,https://scontent.cdninstagram.com/hphotos-xft1/t51.2885-15/s640x640/sh0.08/e35/12353184_1058367010840285_1006594280_n.jpg
1136774877628166401_1536883,37.803198381,-122.26849859,https://scontent.cdninstagram.com/hphotos-xft1/t51.2885-15/s640x640/sh0.08/e35/12338911_1034883256564575_1457291938_n.jpg
1136740915059391794_11209382,37.8039,-122.2591,https://scontent.cdninstagram.com/hphotos-xtf1/t51.2885-15/s640x640/sh0.08/e35/12357592_512690035557202_259136724_n.jpg
1136686432120530316_481965824,37.8044,-122.271,https://scontent.cdninstagram.com/hphotos-xfp1/t51.2885-15/s640x640/sh0.08/e35/12354112_518850258277491_519342054_n.jpg
1136665935009548233_1556740512,37.822,-122.231,https://scontent.cdninstagram.com/hphotos-xat1/t51.2885-15/s640x640/sh0.08/e35/12353343_572704096214994_97278221_n.jpg
1136664762613747003_144539850,37.805536344,-122.254301678,https://scontent.cdninstagram.com/hphotos-xtf1/t51.2885-15/s640x640/sh0.08/e35/12354075_201336726869495_306894063_n.jpg
1136630087502324400_47431591,37.8009605,-122.274231,https://scontent.cdninstagram.com/hphotos-xta1/t51.2885-15/s640x640/sh0.08/e35/11264814_1487113991596945_699534892_n.jpg
1136629651261863832_2033817284,37.8039,-122.2591,https://scontent.cdninstagram.com/hphotos-xtf1/t51.2885-15/s640x640/sh0.08/e35/12301238_1250330908326868_347363005_n.jpg
1136615185645123569_36388148,37.805536344,-122.254301678,https://scontent.cdninstagram.com/hphotos-xfa1/t51.2885-15/s640x640/sh0.08/e35/12362071_802545089868976_1164667297_n.jpg
1136586489071684171_1821747065,37.805536344,-122.254301678,https://scontent.cdninstagram.com/hphotos-xfa1/t51.2885-15/s640x640/sh0.08/e35/12362241_553050821518572_423351760_n.jpg
1136574131270327446_1648069358,37.8039,-122.2591,https://scontent.cdninstagram.com/hphotos-xfa1/t51.2885-15/s640x640/sh0.08/e35/12353812_1704603366453603_777661255_n.jpg
1136547000051269651_2236291503,37.809049435,-122.258073875,https://scontent.cdninstagram.com/hphotos-xfp1/t51.2885-15/s640x640/sh0.08/e35/12357350_1645462639054332_1499849771_n.jpg
1136526391819628017_261869346,37.805536344,-122.254301678,https://scontent.cdninstagram.com/hphotos-xtf1/t51.2885-15/s640x640/sh0.08/e35/12317450_1741382162749371_1519381328_n.jpg
1136520041533093719_36388148,37.802250065,-122.261360178,https://scontent.cdninstagram.com/hphotos-xtp1/t51.2885-15/s640x640/sh0.08/e35/12331883_1535328013453073_1119209762_n.jpg
1136485633097075345_186381409,37.808789437,-122.249825919,https://scontent.cdninstagram.com/hphotos-xfa1/t50.2886-16/12352710_1531017283881572_717991344_n.mp4
1136483000793229054_481965824,37.8044,-122.271,https://scontent.cdninstagram.com/hphotos-xtp1/t51.2885-15/s640x640/sh0.08/e35/12317852_568636366620937_563873656_n.jpg
1136387654905307491_19594423,37.87070307,-122.254935582,https://scontent.cdninstagram.com/hphotos-xaf1/t51.2885-15/s640x640/sh0.08/e35/12357862_1660952694157635_627859220_n.jpg
1136382456230990312_31172195,37.8044,-122.271,https://scontent.cdninstagram.com/hphotos-xtf1/t51.2885-15/s640x640/sh0.08/e35/12357387_195415067464169_1962595634_n.jpg
1136306529194927452_1987851976,37.805536344,-122.254301678,https://scontent.cdninstagram.com/hphotos-xft1/t51.2885-15/s640x640/sh0.08/e35/12328333_514756562033104_566684747_n.jpg
1136295800323109060_2243045443,37.805167969,-122.257595129,https://scontent.cdninstagram.com/hphotos-xta1/t51.2885-15/s640x640/sh0.08/e35/12331792_933009910126218_237406557_n.jpg
1136083454608469302_806402234,37.8039,-122.2591,https://scontent.cdninstagram.com/hphotos-xfa1/t51.2885-15/s640x640/sh0.08/e35/12362621_886069588173785_284559288_n.jpg
1136043085170847778_16327411,37.805536344,-122.254301678,https://scontent.cdninstagram.com/hphotos-xpa1/t51.2885-15/s640x640/sh0.08/e35/12317481_479137552257071_897945719_n.jpg
1135978459639304149_144539850,37.805536344,-122.254301678,https://scontent.cdninstagram.com/hphotos-xpt1/t51.2885-15/s640x640/sh0.08/e35/12357729_500946633416931_1869841823_n.jpg
1135846225053295395_19594423,37.87070307,-122.254935582,https://scontent.cdninstagram.com/hphotos-xap1/t51.2885-15/s640x640/sh0.08/e35/12357311_465378783670380_2140068415_n.jpg
1135827569590929460_198526025,37.8041,-122.2726,https://scontent.cdninstagram.com/hphotos-xfp1/t51.2885-15/s640x640/sh0.08/e35/12331332_1733484800221606_982210132_n.jpg
1135818392396269193_1021972208,37.805536344,-122.254301678,https://scontent.cdninstagram.com/hphotos-xfa1/t51.2885-15/s640x640/sh0.08/e35/12345760_484588611724821_2054955319_n.jpg
1135718676570039109_8578831,37.805536344,-122.254301678,https://scontent.cdninstagram.com/hphotos-xpf1/t51.2885-15/s640x640/sh0.08/e35/12353306_813573908788329_1708423089_n.jpg
1135713731398481581_2018150652,37.808854581,-122.250552121,https://scontent.cdninstagram.com/hphotos-xfa1/t51.2885-15/s640x640/sh0.08/e35/12357290_1065357833495953_95018809_n.jpg
1135709931732520822_13964914,37.805536344,-122.254301678,https://scontent.cdninstagram.com/hphotos-xpt1/t51.2885-15/s640x640/sh0.08/e35/12346227_1051012184919021_514800709_n.jpg
1135697340354868366_319438404,37.805536344,-122.254301678,https://scontent.cdninstagram.com/hphotos-xaf1/t51.2885-15/s640x640/sh0.08/e35/12356434_1645814555692009_259152962_n.jpg
1135696139953478398_1682593429,37.805536344,-122.254301678,https://scontent.cdninstagram.com/hphotos-xtp1/t51.2885-15/s640x640/sh0.08/e35/12298875_770452766392483_616505014_n.jpg
1135660208987624301_8899147,37.813168889,-122.251572355,https://scontent.cdninstagram.com/hphotos-xap1/t51.2885-15/s640x640/sh0.08/e35/12346067_774331969339229_663466579_n.jpg
1135630997175343934_43875965,37.805536344,-122.254301678,https://scontent.cdninstagram.com/hphotos-xtp1/t51.2885-15/s640x640/sh0.08/e35/12301421_895839577130854_878538755_n.jpg
1135626712864513813_1981803830,37.870071115,-122.26006291,https://scontent.cdninstagram.com/hphotos-xpf1/t50.2886-16/12344586_1641779749416028_1519113973_n.mp4
1135613583356126991_481965824,37.8044,-122.271,https://scontent.cdninstagram.com/hphotos-xap1/t51.2885-15/s640x640/sh0.08/e35/12331389_1646667188939956_20194054_n.jpg
1135431655279139360_1423237405,37.8094788,-122.2501221,https://scontent.cdninstagram.com/hphotos-xfa1/t51.2885-15/s640x640/sh0.08/e35/12357650_100180313688713_1967480796_n.jpg
1135301496745856423_196240098,37.805536344,-122.254301678,https://scontent.cdninstagram.com/hphotos-xaf1/t51.2885-15/s640x640/sh0.08/e35/12357702_210014345998462_793958711_n.jpg
1135274377064922349_1474545942,37.805536344,-122.254301678,https://scontent.cdninstagram.com/hphotos-xtp1/t51.2885-15/e35/12338450_726373127464936_1151460300_n.jpg
1135205260480537566_47431591,37.8112602,-122.2663879,https://scontent.cdninstagram.com/hphotos-xft1/t51.2885-15/s640x640/sh0.08/e35/12301183_101810173525266_1591605713_n.jpg
1135202085803451275_47431591,37.8009605,-122.274231,https://scontent.cdninstagram.com/hphotos-xfp1/t51.2885-15/s640x640/sh0.08/e35/12317370_1013435625394758_483970931_n.jpg
1135159757004012968_9050702,37.8039,-122.2591,https://scontent.cdninstagram.com/hphotos-xfp1/t51.2885-15/s640x640/sh0.08/e35/11142321_831128347009131_1179814835_n.jpg
1135138957789520049_39684119,37.805536344,-122.254301678,https://scontent.cdninstagram.com/hphotos-xtf1/t51.2885-15/s640x640/sh0.08/e35/12299036_543955112439333_275116837_n.jpg
1135113502340617792_1063614292,37.805536344,-122.254301678,https://scontent.cdninstagram.com/hphotos-xpf1/t51.2885-15/s640x640/sh0.08/e35/12356444_955778801154819_1079319008_n.jpg
1135102269470212633_634105191,37.799204228,-122.254629141,https://scontent.cdninstagram.com/hphotos-xta1/t51.2885-15/s640x640/sh0.08/e35/12237491_1003756576334081_211449764_n.jpg
1135101999768076823_634105191,37.799204228,-122.254629141,https://scontent.cdninstagram.com/hphotos-xap1/t51.2885-15/s480x480/e35/12345690_513173252193376_1948954006_n.jpg
1135077825713477893_33926221,37.805536344,-122.254301678,https://scontent.cdninstagram.com/hphotos-xft1/t50.2886-16/12302622_1747811755442675_1413208883_n.mp4
1135005389658575749_8899147,37.79916,-122.2783813,https://scontent.cdninstagram.com/hphotos-xpf1/t51.2885-15/s640x640/sh0.08/e35/12339057_436286856566163_100009179_n.jpg
1135003024203556359_368737408,37.805536344,-122.254301678,https://scontent.cdninstagram.com/hphotos-xtf1/t51.2885-15/e35/12292846_1692823507670569_2029186894_n.jpg
1135001348237280375_612354464,37.805536344,-122.254301678,https://scontent.cdninstagram.com/hphotos-xtf1/t51.2885-15/s640x640/sh0.08/e35/12339056_1216867331660655_1427157820_n.jpg
1134988047988726860_1617787982,37.808425498,-122.261437432,https://scontent.cdninstagram.com/hphotos-xft1/t51.2885-15/s640x640/sh0.08/e35/12356457_417190631821969_102956525_n.jpg
1134957954007710797_2282362190,37.79612,-122.27142,https://scontent.cdninstagram.com/hphotos-xpt1/t51.2885-15/s640x640/sh0.08/e35/12331910_457123354474763_570054958_n.jpg
1134957151396502878_1774354550,37.802898373,-122.23763553,https://scontent.cdninstagram.com/hphotos-xtp1/t51.2885-15/s480x480/e35/12331495_910075449079782_975022135_n.jpg
1134941392176303095_1686020913,37.805536344,-122.254301678,https://scontent.cdninstagram.com/hphotos-xpt1/t51.2885-15/s640x640/sh0.08/e35/12317552_1529451444040624_573773741_n.jpg
1134875949809876665_29365846,37.805536344,-122.254301678,https://scontent.cdninstagram.com/hphotos-xta1/t51.2885-15/s640x640/sh0.08/e35/12276992_1662616594012819_1634342342_n.jpg
1134872745655221840_29365846,37.805536344,-122.254301678,https://scontent.cdninstagram.com/hphotos-xta1/t51.2885-15/s640x640/sh0.08/e35/12357509_789448771198844_61278200_n.jpg
1134870946319784731_668539949,37.8039,-122.2591,https://scontent.cdninstagram.com/hphotos-xap1/l/t51.2885-15/s640x640/sh0.08/e35/12331390_1677956019127031_1500349309_n.jpg
1134856606865529875_2061783686,37.805536344,-122.254301678,https://scontent.cdninstagram.com/hphotos-xaf1/t51.2885-15/s640x640/sh0.08/e35/12338811_197847477220761_888204771_n.jpg
1134851196663420173_174510820,37.796123,-122.271424,https://scontent.cdninstagram.com/hphotos-xat1/t51.2885-15/s640x640/sh0.08/e35/12331464_1553743458181466_1412881456_n.jpg
1134799075851167468_481965824,37.8044,-122.271,https://scontent.cdninstagram.com/hphotos-xtf1/t51.2885-15/s480x480/e35/12331376_930043520415755_1352119790_n.jpg
1134585881224848077_646746319,37.805536344,-122.254301678,https://scontent.cdninstagram.com/hphotos-xpt1/t51.2885-15/s640x640/sh0.08/e35/12317497_927938550615552_661368697_n.jpg
1134519781031733117_481965824,37.8044,-122.271,https://scontent.cdninstagram.com/hphotos-xft1/t51.2885-15/s640x640/sh0.08/e35/12357291_1514574482204409_1889322969_n.jpg
1134513578579384392_14901333,37.805536344,-122.254301678,https://scontent.cdninstagram.com/hphotos-xpf1/t51.2885-15/s640x640/sh0.08/e35/12357275_1515864892046878_1179562022_n.jpg
1134509624985435806_197515302,37.8015366,-122.2623672,https://scontent.cdninstagram.com/hphotos-xpt1/t51.2885-15/s640x640/sh0.08/e35/12338879_1708588139363088_648719181_n.jpg
1134500005173585339_481965824,37.8044,-122.271,https://scontent.cdninstagram.com/hphotos-xap1/t51.2885-15/s640x640/sh0.08/e35/12357906_1514805535485090_1066092260_n.jpg
1134495978611033391_521103600,37.805536344,-122.254301678,https://scontent.cdninstagram.com/hphotos-xtp1/t51.2885-15/s640x640/sh0.08/e35/12357578_1233898469970700_1525646253_n.jpg
1134488354810295122_12114667,37.802898373,-122.23763553,https://scontent.cdninstagram.com/hphotos-xtp1/t51.2885-15/s640x640/sh0.08/e35/12353438_784416311670035_103894351_n.jpg
1134486891191137072_12114667,37.802898373,-122.23763553,https://scontent.cdninstagram.com/hphotos-xpa1/t51.2885-15/s640x640/sh0.08/e35/12356371_425853377604425_1959236203_n.jpg
1134422247259583557_319438404,37.80049515,-122.27021911,https://scontent.cdninstagram.com/hphotos-xta1/t51.2885-15/s640x640/sh0.08/e35/12357547_932105756825051_1340137812_n.jpg
1134378274756290892_50944409,37.8039,-122.2591,https://scontent.cdninstagram.com/hphotos-xap1/t51.2885-15/s640x640/sh0.08/e35/12357441_944621222284104_1693663647_n.jpg
1134342767204962613_10839675,37.7986,-122.2636,https://scontent.cdninstagram.com/hphotos-xfp1/t51.2885-15/s640x640/sh0.08/e35/12331363_783125408483113_2015887187_n.jpg
1134305317015577748_481965824,37.8044,-122.271,https://scontent.cdninstagram.com/hphotos-xap1/t51.2885-15/s640x640/sh0.08/e35/12338533_1012415985486764_1944141118_n.jpg
1134301595887789101_481965824,37.8044,-122.271,https://scontent.cdninstagram.com/hphotos-xta1/t51.2885-15/s640x640/sh0.08/e35/12317874_467604070107588_429736426_n.jpg
1134294648328847384_810989383,37.805536344,-122.254301678,https://scontent.cdninstagram.com/hphotos-xat1/t51.2885-15/s640x640/sh0.08/e35/12356562_926273640788684_114879911_n.jpg
1134278552985593120_481965824,37.8044,-122.271,https://scontent.cdninstagram.com/hphotos-xfp1/t51.2885-15/s640x640/sh0.08/e35/12354054_1069008573251633_1440110144_n.jpg
1134254980462219002_47447754,37.813103929,-122.230009643,https://scontent.cdninstagram.com/hphotos-xap1/t51.2885-15/s640x640/sh0.08/e35/12346056_943836278986424_353041437_n.jpg
1134254935677403095_207919670,37.8121643,-122.2476578,https://scontent.cdninstagram.com/hphotos-xpt1/t51.2885-15/s640x640/sh0.08/e35/12292868_193477354326198_1029334085_n.jpg
1134236079308815397_2282362190,37.81074333,-122.242808584,https://scontent.cdninstagram.com/hphotos-xat1/t51.2885-15/s640x640/sh0.08/e35/12346017_176699659346828_2009269551_n.jpg
1134223795450317609_1933326825,37.805536344,-122.254301678,https://scontent.cdninstagram.com/hphotos-xap1/t51.2885-15/s640x640/sh0.08/e35/12317659_1672477273024129_316844785_n.jpg
1134222787534370384_2033817284,37.805536344,-122.254301678,https://scontent.cdninstagram.com/hphotos-xta1/t51.2885-15/s640x640/sh0.08/e35/12357302_428705890666638_1173616069_n.jpg
1134163801729480372_180398148,37.805536344,-122.254301678,https://scontent.cdninstagram.com/hphotos-xpf1/t51.2885-15/s640x640/sh0.08/e35/12353930_1533865883602678_1904477806_n.jpg
1133890218710024211_320220015,37.813103929,-122.230009643,https://scontent.cdninstagram.com/hphotos-xpf1/t51.2885-15/s640x640/sh0.08/e35/12353307_739392716160878_251884609_n.jpg
1133834828910627647_6053009,37.797773,-122.266588,https://scontent.cdninstagram.com/hphotos-xat1/t51.2885-15/s640x640/sh0.08/e35/12328164_1745598605669021_1805376035_n.jpg
1133824813463486630_398510239,37.805536344,-122.254301678,https://scontent.cdninstagram.com/hphotos-xpa1/t51.2885-15/s640x640/sh0.08/e35/12331808_445386182313368_682570534_n.jpg
1133736283014853643_1493381180,37.798829582,-122.260630282,https://scontent.cdninstagram.com/hphotos-xpf1/t51.2885-15/s640x640/sh0.08/e35/12142590_547985382024802_1219473197_n.jpg
1133677919361172084_180183711,37.8044,-122.271,https://scontent.cdninstagram.com/hphotos-xaf1/t51.2885-15/s640x640/sh0.08/e35/12331503_1670346409873855_689395384_n.jpg
1133663174612453192_8868552,37.80737242,-122.254306971,https://scontent.cdninstagram.com/hphotos-xtf1/t51.2885-15/s640x640/sh0.08/e35/12292808_780674432044806_328711904_n.jpg
1133646750018269401_1536883,37.79976,-122.25576,https://scontent.cdninstagram.com/hphotos-xpa1/t51.2885-15/s640x640/sh0.08/e35/12093396_855035697945026_1816925644_n.jpg
1133627372443195576_23177229,37.808996,-122.250511,https://scontent.cdninstagram.com/hphotos-xaf1/t51.2885-15/s640x640/sh0.08/e35/12338568_865426363578932_888888457_n.jpg
1133621260572305633_329533977,37.799305,-122.254631,https://scontent.cdninstagram.com/hphotos-xat1/t51.2885-15/s640x640/sh0.08/e35/12338960_911179375597466_861225930_n.jpg
1133574465024360590_1644758775,37.7982788,-122.255043,https://scontent.cdninstagram.com/hphotos-xaf1/t50.2886-16/12318849_1966660800024500_1718731711_n.mp4
1133571182022033775_2265205703,37.7982788,-122.255043,https://scontent.cdninstagram.com/hphotos-xtp1/t51.2885-15/s640x640/sh0.08/e35/12338855_1529615067357573_715710752_n.jpg
1133565403237859469_299007703,37.805536344,-122.254301678,https://scontent.cdninstagram.com/hphotos-xpt1/t51.2885-15/s640x640/sh0.08/e35/12353436_1490835804556262_2028464036_n.jpg
1133562798926131450_4146467,37.8044,-122.271,https://scontent.cdninstagram.com/hphotos-xpt1/t51.2885-15/s640x640/sh0.08/e35/12269882_948795238531952_765561022_n.jpg
1133504350075931772_5312226,37.805536344,-122.254301678,https://scontent.cdninstagram.com/hphotos-xfa1/t51.2885-15/s640x640/sh0.08/e35/12346178_451858798355678_776955247_n.jpg
1133501024657146745_1644758775,37.7982788,-122.255043,https://scontent.cdninstagram.com/hphotos-xpa1/t50.2886-16/12353165_1561442077449731_38415_n.mp4
1133498388829119885_25952248,37.806323437,-122.249741659,https://scontent.cdninstagram.com/hphotos-xaf1/t51.2885-15/s640x640/sh0.08/e35/12301320_788761501232714_1663866971_n.jpg
1133497223524839708_4146467,37.8094788,-122.2501221,https://scontent.cdninstagram.com/hphotos-xpf1/t51.2885-15/s640x640/sh0.08/e35/12292614_1025160564213228_1187314380_n.jpg
1133492026374298808_1774354550,37.799881,-122.2503891,https://scontent.cdninstagram.com/hphotos-xft1/t51.2885-15/s640x640/sh0.08/e35/12353461_1210226865659786_297543823_n.jpg
1133488590255974061_4377712,37.805536344,-122.254301678,https://scontent.cdninstagram.com/hphotos-xaf1/t51.2885-15/s640x640/sh0.08/e35/12346057_1649398201990304_1018009379_n.jpg
1133461530500334430_2265205703,37.7982788,-122.255043,https://scontent.cdninstagram.com/hphotos-xpf1/t51.2885-15/s640x640/sh0.08/e35/12256881_1482687462040713_1145046644_n.jpg
1133458771839065717_231180294,37.805536344,-122.254301678,https://scontent.cdninstagram.com/hphotos-xta1/t51.2885-15/s640x640/sh0.08/e35/12328307_1523373604641327_1830691645_n.jpg
1133392976322641894_2282362190,37.81074333,-122.242808584,https://scontent.cdninstagram.com/hphotos-xpa1/t51.2885-15/s640x640/sh0.08/e35/12346150_435294780006023_165877696_n.jpg
1133354401198930670_198591437,37.803301894,-122.2536078,https://scontent.cdninstagram.com/hphotos-xap1/t51.2885-15/s640x640/sh0.08/e35/12292634_1652102198340807_1824906058_n.jpg
1133110112353386591_180183711,37.805536344,-122.254301678,https://scontent.cdninstagram.com/hphotos-xfp1/t51.2885-15/s640x640/sh0.08/e35/12269994_567406553422352_1003260943_n.jpg
1133019234217689155_1644758775,37.7982788,-122.255043,https://scontent.cdninstagram.com/hphotos-xpa1/t51.2885-15/e35/12345706_1519706411655632_1608683974_n.jpg
1133014394132004712_30612334,37.805536344,-122.254301678,https://scontent.cdninstagram.com/hphotos-xat1/t51.2885-15/s640x640/sh0.08/e35/12328318_1095500870462080_1776817095_n.jpg
1133007937864195929_365866526,37.805536344,-122.254301678,https://scontent.cdninstagram.com/hphotos-xat1/t51.2885-15/e15/12292856_1029104517148386_2123550009_n.jpg
1132969098602715688_1682593429,37.805536344,-122.254301678,https://scontent.cdninstagram.com/hphotos-xpt1/l/t51.2885-15/s640x640/sh0.08/e35/12107643_481757995357836_1031784206_n.jpg
1132949548923711753_42440603,37.805536344,-122.254301678,https://scontent.cdninstagram.com/hphotos-xft1/t51.2885-15/s640x640/sh0.08/e35/12317456_1645061502420222_187839395_n.jpg
1132944862411155411_1987851976,37.805536344,-122.254301678,https://scontent.cdninstagram.com/hphotos-xpf1/t51.2885-15/s640x640/sh0.08/e35/12298837_1221070041243763_15519088_n.jpg
1132930969054982710_662921003,37.805536344,-122.254301678,https://scontent.cdninstagram.com/hphotos-xft1/t51.2885-15/s640x640/sh0.08/e35/12356489_1674112299531662_613173955_n.jpg
1132926114047480694_234716043,37.805536344,-122.254301678,https://scontent.cdninstagram.com/hphotos-xaf1/t51.2885-15/s640x640/sh0.08/e35/12301290_541859735972755_1385727808_n.jpg
1132909235777795214_725264828,37.806323437,-122.249741659,https://scontent.cdninstagram.com/hphotos-xfp1/t51.2885-15/s640x640/sh0.08/e35/12301248_1099959310027824_1056334819_n.jpg
1132907046358521996_53208877,37.805536344,-122.254301678,https://scontent.cdninstagram.com/hphotos-xaf1/t51.2885-15/s640x640/sh0.08/e35/12346028_1682238758658158_1565705827_n.jpg
1132903138422251630_23476367,37.805536344,-122.254301678,https://scontent.cdninstagram.com/hphotos-xaf1/t50.2886-16/12352820_1679487682327307_1650049623_n.mp4
1132859800961792396_28902413,37.805536344,-122.254301678,https://scontent.cdninstagram.com/hphotos-xtf1/t51.2885-15/s640x640/sh0.08/e35/12299008_1706821262882655_1344136334_n.jpg
1132852896389751722_23476367,37.808482857,-122.251260057,https://scontent.cdninstagram.com/hphotos-xpt1/t50.2886-16/12319137_926417720785932_352977369_n.mp4
1132849308867322710_23476367,37.808482857,-122.251260057,https://scontent.cdninstagram.com/hphotos-xaf1/t50.2886-16/12298612_1671439519768090_1258172744_n.mp4
1132776665370328779_196234094,37.739311,-122.145737,https://scontent.cdninstagram.com/hphotos-xpf1/t51.2885-15/s640x640/sh0.08/e35/12292784_1069690933063724_790815595_n.jpg
1132748776768686953_1686020913,37.805536344,-122.254301678,https://scontent.cdninstagram.com/hphotos-xfp1/t51.2885-15/s640x640/sh0.08/e35/12317618_823412254435920_253633599_n.jpg
1132706602408145765_589539,37.805536344,-122.254301678,https://scontent.cdninstagram.com/hphotos-xpf1/t51.2885-15/s640x640/sh0.08/e35/12338697_192483684428322_1292489751_n.jpg
1132650243533569007_1401277,37.805536344,-122.254301678,https://scontent.cdninstagram.com/hphotos-xfp1/t51.2885-15/s640x640/sh0.08/e35/12301134_936184959750444_1822898920_n.jpg
1132432618262272480_18846445,37.805536344,-122.254301678,https://scontent.cdninstagram.com/hphotos-xfa1/t51.2885-15/s640x640/sh0.08/e35/12269945_1519968964984900_1707188596_n.jpg
1132352459890055954_195969693,37.8099594,-122.2640228,https://scontent.cdninstagram.com/hphotos-xtf1/t51.2885-15/s640x640/sh0.08/e35/12269939_434837226714092_1184799761_n.jpg
1132337724771008432_196234094,37.739311,-122.145737,https://scontent.cdninstagram.com/hphotos-xtf1/t51.2885-15/s640x640/sh0.08/e35/12339034_792770620869578_1528062984_n.jpg
1132289286088514148_195969693,37.8044,-122.271,https://scontent.cdninstagram.com/hphotos-xaf1/t51.2885-15/s480x480/e35/12346059_1653346384953803_2146188105_n.jpg
1132272947778302999_318441804,37.807433461,-122.25966075,https://scontent.cdninstagram.com/hphotos-xfp1/t51.2885-15/s640x640/sh0.08/e35/11142251_437162026408412_2075374043_n.jpg
1132226473145481299_54142125,37.798829582,-122.260630282,https://scontent.cdninstagram.com/hphotos-xpf1/t51.2885-15/s640x640/sh0.08/e35/12317414_791072387682628_1673145545_n.jpg
1132184348214985364_3126823,37.805536344,-122.254301678,https://scontent.cdninstagram.com/hphotos-xpt1/t51.2885-15/s640x640/sh0.08/e35/12317390_677852575685009_2105333386_n.jpg
1132172206083705555_35873105,37.798829582,-122.260630282,https://scontent.cdninstagram.com/hphotos-xtf1/t51.2885-15/s640x640/sh0.08/e35/12317845_924230044297183_1938835969_n.jpg
1132081462777102059_2282362190,37.796131134,-122.271461487,https://scontent.cdninstagram.com/hphotos-xfp1/t51.2885-15/s640x640/sh0.08/e35/12301423_1647698145517932_113885871_n.jpg
